{"freq_range": [0.5, 45.0], "freq_res": 0.5, "power_spectrum": [0.9398176801406231, 1.1363040394799562, 1.1237135148328967, 0.9937069117786074, 0.8655551474207244, 0.7565988264991893, 0.659917032045208, 0.5702938376467571, 0.4767395278346698, 0.39385150846844574, 0.32521000039777737, 0.2597512637072626, 0.21600491806533376, 0.20613119476480088, 0.20906650964674572, 0.21478824900533847, 0.22490350100238063, 0.2521455419117947, 0.34522896191497104, 0.49559238453875887, 0.6053189942788917, 0.6165184057276911, 0.537334425481782, 0.41438428581004255, 0.2930882554750777, 0.1830735684202721, 0.08281845688586324, 0.0031197275764730734, -0.045812470084873616, -0.07241473061310359, -0.0941926682165997, -0.12171378604429736, -0.15491879358738098, -0.19241117406034777, -0.23249648781208226, -0.26048238184057626, -0.276347524894229, -0.2969094552585739, -0.3282626860464051, -0.3593700486977008, -0.3822866249140954, -0.3984521019475037, -0.4214175423393065, -0.4645475054282816, -0.5081262713747519, -0.5354332405738854, -0.553947455385246, -0.5682958556483967, -0.583289861617135, -0.6075280721181731, -0.6335044256221214, -0.6502277100475083, -0.6623658478610328, -0.6732675496070067, -0.6849023015642414, -0.6995094403896873, -0.7133994111385598, -0.7242782297603638, -0.7257844423549823, -0.7272852247675903, -0.74137901866393, -0.7548533486538158, -0.7623849501916551, -0.772917615857447, -0.7862809516057843, -0.7957725731278686, -0.8043205845241563, -0.818979468112306, -0.8407003070316611, -0.8608944873767375, -0.8705343091122422, -0.875691357605893, -0.8857660912844422, -0.8967010290304658, -0.9029540034057705, -0.908623738696247, -0.9125560320412371, -0.9171039622302879, -0.9243229112867183, -0.9286517224010644, -0.9319516702744854, -0.9373554228564881, -0.9441130173921299, -0.957375716440345, -0.9675662707357143, -0.9679463337185389, -0.9702173170006476, -0.9778040857494495, -0.9852267796630834, -0.9893242195092086]}